,mean_fit_time,std_fit_time,mean_score_time,std_score_time,param_criterion,param_learning_rate,param_loss,param_max_depth,param_max_features,param_min_samples_leaf,param_min_samples_split,param_n_estimators,param_subsample,params,split0_test_score,split1_test_score,split2_test_score,split3_test_score,split4_test_score,mean_test_score,std_test_score,rank_test_score
210,3.665662622,0.090263024,0.012294054,0.006311349,friedman_mse,0.1,deviance,8,log2,1,2,500,0.8,"{'criterion': 'friedman_mse', 'learning_rate': 0.1, 'loss': 'deviance', 'max_depth': 8, 'max_features': 'log2', 'min_samples_leaf': 1, 'min_samples_split': 2, 'n_estimators': 500, 'subsample': 0.8}",0.971153846,0.980392157,0.953051643,0.980487805,0.962085308,0.969434152,0.010654676,1
58,7.457146883,0.409092614,0.023798895,0.002714944,friedman_mse,0.05,deviance,8,sqrt,1,2,1000,0.8,"{'criterion': 'friedman_mse', 'learning_rate': 0.05, 'loss': 'deviance', 'max_depth': 8, 'max_features': 'sqrt', 'min_samples_leaf': 1, 'min_samples_split': 2, 'n_estimators': 1000, 'subsample': 0.8}",0.961904762,0.980676329,0.948598131,0.980487805,0.966666667,0.967666739,0.01209497,2
69,6.851283503,0.281034212,0.022600365,0.001959761,friedman_mse,0.05,deviance,8,log2,1,2,800,0.9,"{'criterion': 'friedman_mse', 'learning_rate': 0.05, 'loss': 'deviance', 'max_depth': 8, 'max_features': 'log2', 'min_samples_leaf': 1, 'min_samples_split': 2, 'n_estimators': 800, 'subsample': 0.9}",0.966507177,0.980392157,0.944186047,0.980487805,0.966666667,0.96764797,0.013266513,3
127,4.674843264,0.280326004,0.017171478,0.00109018,friedman_mse,0.075,deviance,8,sqrt,1,2,500,0.9,"{'criterion': 'friedman_mse', 'learning_rate': 0.075, 'loss': 'deviance', 'max_depth': 8, 'max_features': 'sqrt', 'min_samples_leaf': 1, 'min_samples_split': 2, 'n_estimators': 500, 'subsample': 0.9}",0.961722488,0.980487805,0.948598131,0.980487805,0.966666667,0.967592579,0.0120721,4
138,5.607758141,0.396020818,0.018825245,0.002870313,friedman_mse,0.075,deviance,8,log2,1,2,500,0.8,"{'criterion': 'friedman_mse', 'learning_rate': 0.075, 'loss': 'deviance', 'max_depth': 8, 'max_features': 'log2', 'min_samples_leaf': 1, 'min_samples_split': 2, 'n_estimators': 500, 'subsample': 0.8}",0.966346154,0.975845411,0.948598131,0.980487805,0.966666667,0.967588833,0.010932483,5
198,3.64150033,0.05258381,0.014759302,0.001177856,friedman_mse,0.1,deviance,8,sqrt,1,2,500,0.8,"{'criterion': 'friedman_mse', 'learning_rate': 0.1, 'loss': 'deviance', 'max_depth': 8, 'max_features': 'sqrt', 'min_samples_leaf': 1, 'min_samples_split': 2, 'n_estimators': 500, 'subsample': 0.8}",0.971153846,0.975609756,0.948598131,0.980487805,0.962085308,0.967586969,0.011263779,6
56,7.689949083,0.398793437,0.022997332,0.001266894,friedman_mse,0.05,deviance,8,sqrt,1,2,800,0.8,"{'criterion': 'friedman_mse', 'learning_rate': 0.05, 'loss': 'deviance', 'max_depth': 8, 'max_features': 'sqrt', 'min_samples_leaf': 1, 'min_samples_split': 2, 'n_estimators': 800, 'subsample': 0.8}",0.966507177,0.975845411,0.948598131,0.975728155,0.966666667,0.966669108,0.009928316,7
71,6.797236395,0.284411143,0.022402239,0.000799922,friedman_mse,0.05,deviance,8,log2,1,2,1000,0.9,"{'criterion': 'friedman_mse', 'learning_rate': 0.05, 'loss': 'deviance', 'max_depth': 8, 'max_features': 'log2', 'min_samples_leaf': 1, 'min_samples_split': 2, 'n_estimators': 1000, 'subsample': 0.9}",0.966507177,0.980295567,0.948598131,0.975728155,0.962085308,0.966642868,0.01109361,8
131,6.890267563,0.965290463,0.021702337,0.003337973,friedman_mse,0.075,deviance,8,sqrt,1,2,1000,0.9,"{'criterion': 'friedman_mse', 'learning_rate': 0.075, 'loss': 'deviance', 'max_depth': 8, 'max_features': 'sqrt', 'min_samples_leaf': 1, 'min_samples_split': 2, 'n_estimators': 1000, 'subsample': 0.9}",0.971014493,0.980392157,0.948598131,0.971014493,0.962085308,0.966620916,0.010711178,9
213,3.833920097,0.072012108,0.017263031,0.002728608,friedman_mse,0.1,deviance,8,log2,1,2,800,0.9,"{'criterion': 'friedman_mse', 'learning_rate': 0.1, 'loss': 'deviance', 'max_depth': 8, 'max_features': 'log2', 'min_samples_leaf': 1, 'min_samples_split': 2, 'n_estimators': 800, 'subsample': 0.9}",0.952830189,0.980392157,0.953051643,0.980487805,0.962085308,0.96576942,0.012435381,10
128,4.872596836,0.279116201,0.016601563,0.001201314,friedman_mse,0.075,deviance,8,sqrt,1,2,800,0.8,"{'criterion': 'friedman_mse', 'learning_rate': 0.075, 'loss': 'deviance', 'max_depth': 8, 'max_features': 'sqrt', 'min_samples_leaf': 1, 'min_samples_split': 2, 'n_estimators': 800, 'subsample': 0.8}",0.961904762,0.980582524,0.948598131,0.971014493,0.966666667,0.965753315,0.010559653,11
201,4.359547424,0.173137029,0.015039968,0.002718692,friedman_mse,0.1,deviance,8,sqrt,1,2,800,0.9,"{'criterion': 'friedman_mse', 'learning_rate': 0.1, 'loss': 'deviance', 'max_depth': 8, 'max_features': 'sqrt', 'min_samples_leaf': 1, 'min_samples_split': 2, 'n_estimators': 800, 'subsample': 0.9}",0.952830189,0.98019802,0.953051643,0.980487805,0.962085308,0.965730593,0.012389883,12
212,3.740497589,0.061308202,0.012583256,0.006293684,friedman_mse,0.1,deviance,8,log2,1,2,800,0.8,"{'criterion': 'friedman_mse', 'learning_rate': 0.1, 'loss': 'deviance', 'max_depth': 8, 'max_features': 'log2', 'min_samples_leaf': 1, 'min_samples_split': 2, 'n_estimators': 800, 'subsample': 0.8}",0.966507177,0.975728155,0.948598131,0.975728155,0.962085308,0.965729385,0.010072884,13
130,5.660619354,0.835516526,0.027201748,0.009700711,friedman_mse,0.075,deviance,8,sqrt,1,2,1000,0.8,"{'criterion': 'friedman_mse', 'learning_rate': 0.075, 'loss': 'deviance', 'max_depth': 8, 'max_features': 'sqrt', 'min_samples_leaf': 1, 'min_samples_split': 2, 'n_estimators': 1000, 'subsample': 0.8}",0.961904762,0.980392157,0.948598131,0.971014493,0.966666667,0.965715242,0.010506325,14
67,4.788966274,0.091871034,0.017103481,0.001796045,friedman_mse,0.05,deviance,8,log2,1,2,500,0.9,"{'criterion': 'friedman_mse', 'learning_rate': 0.05, 'loss': 'deviance', 'max_depth': 8, 'max_features': 'log2', 'min_samples_leaf': 1, 'min_samples_split': 2, 'n_estimators': 500, 'subsample': 0.9}",0.961722488,0.980295567,0.953051643,0.971014493,0.962085308,0.9656339,0.009274913,15
70,6.717774153,0.11746273,0.024109745,0.001871941,friedman_mse,0.05,deviance,8,log2,1,2,1000,0.8,"{'criterion': 'friedman_mse', 'learning_rate': 0.05, 'loss': 'deviance', 'max_depth': 8, 'max_features': 'log2', 'min_samples_leaf': 1, 'min_samples_split': 2, 'n_estimators': 1000, 'subsample': 0.8}",0.957345972,0.980392157,0.944186047,0.980487805,0.962085308,0.964899458,0.013978843,16
59,7.471318102,0.368631263,0.022399664,0.000490467,friedman_mse,0.05,deviance,8,sqrt,1,2,1000,0.9,"{'criterion': 'friedman_mse', 'learning_rate': 0.05, 'loss': 'deviance', 'max_depth': 8, 'max_features': 'sqrt', 'min_samples_leaf': 1, 'min_samples_split': 2, 'n_estimators': 1000, 'subsample': 0.9}",0.961904762,0.975609756,0.944186047,0.980487805,0.962085308,0.964854735,0.012677777,17
200,4.261329556,0.226885437,0.01473031,0.003022298,friedman_mse,0.1,deviance,8,sqrt,1,2,800,0.8,"{'criterion': 'friedman_mse', 'learning_rate': 0.1, 'loss': 'deviance', 'max_depth': 8, 'max_features': 'sqrt', 'min_samples_leaf': 1, 'min_samples_split': 2, 'n_estimators': 800, 'subsample': 0.8}",0.966507177,0.98019802,0.944186047,0.975728155,0.95754717,0.964833314,0.012938092,18
139,5.212016821,0.303191607,0.018071461,0.003594616,friedman_mse,0.075,deviance,8,log2,1,2,500,0.9,"{'criterion': 'friedman_mse', 'learning_rate': 0.075, 'loss': 'deviance', 'max_depth': 8, 'max_features': 'log2', 'min_samples_leaf': 1, 'min_samples_split': 2, 'n_estimators': 500, 'subsample': 0.9}",0.957142857,0.98019802,0.948598131,0.975728155,0.962085308,0.964750494,0.011704813,19
126,5.004648829,0.423468421,0.016557026,0.00132837,friedman_mse,0.075,deviance,8,sqrt,1,2,500,0.8,"{'criterion': 'friedman_mse', 'learning_rate': 0.075, 'loss': 'deviance', 'max_depth': 8, 'max_features': 'sqrt', 'min_samples_leaf': 1, 'min_samples_split': 2, 'n_estimators': 500, 'subsample': 0.8}",0.966507177,0.975609756,0.953051643,0.971014493,0.95754717,0.964746048,0.008354616,20
143,5.039548635,0.087336516,0.016015911,0.001044742,friedman_mse,0.075,deviance,8,log2,1,2,1000,0.9,"{'criterion': 'friedman_mse', 'learning_rate': 0.075, 'loss': 'deviance', 'max_depth': 8, 'max_features': 'log2', 'min_samples_leaf': 1, 'min_samples_split': 2, 'n_estimators': 1000, 'subsample': 0.9}",0.966507177,0.975609756,0.953051643,0.970873786,0.95754717,0.964717907,0.008333665,21
140,5.220849371,0.146220175,0.018600082,0.00120047,friedman_mse,0.075,deviance,8,log2,1,2,800,0.8,"{'criterion': 'friedman_mse', 'learning_rate': 0.075, 'loss': 'deviance', 'max_depth': 8, 'max_features': 'log2', 'min_samples_leaf': 1, 'min_samples_split': 2, 'n_estimators': 800, 'subsample': 0.8}",0.952830189,0.980487805,0.944186047,0.980487805,0.962085308,0.964015431,0.014592585,22
57,7.460656881,0.33748747,0.025912523,0.005291847,friedman_mse,0.05,deviance,8,sqrt,1,2,800,0.9,"{'criterion': 'friedman_mse', 'learning_rate': 0.05, 'loss': 'deviance', 'max_depth': 8, 'max_features': 'sqrt', 'min_samples_leaf': 1, 'min_samples_split': 2, 'n_estimators': 800, 'subsample': 0.9}",0.961904762,0.980392157,0.939814815,0.975728155,0.962085308,0.963985039,0.014136694,23
215,3.452396917,0.396702256,0.012055206,0.003071347,friedman_mse,0.1,deviance,8,log2,1,2,1000,0.9,"{'criterion': 'friedman_mse', 'learning_rate': 0.1, 'loss': 'deviance', 'max_depth': 8, 'max_features': 'log2', 'min_samples_leaf': 1, 'min_samples_split': 2, 'n_estimators': 1000, 'subsample': 0.9}",0.952830189,0.980392157,0.948598131,0.980487805,0.95754717,0.96397109,0.013741671,24
202,4.257495737,0.109609295,0.015484285,0.002495397,friedman_mse,0.1,deviance,8,sqrt,1,2,1000,0.8,"{'criterion': 'friedman_mse', 'learning_rate': 0.1, 'loss': 'deviance', 'max_depth': 8, 'max_features': 'sqrt', 'min_samples_leaf': 1, 'min_samples_split': 2, 'n_estimators': 1000, 'subsample': 0.8}",0.952830189,0.975845411,0.948598131,0.980487805,0.962085308,0.963969369,0.01247241,25
129,4.965296793,0.310283675,0.016205215,0.001729613,friedman_mse,0.075,deviance,8,sqrt,1,2,800,0.9,"{'criterion': 'friedman_mse', 'learning_rate': 0.075, 'loss': 'deviance', 'max_depth': 8, 'max_features': 'sqrt', 'min_samples_leaf': 1, 'min_samples_split': 2, 'n_estimators': 800, 'subsample': 0.9}",0.957142857,0.980487805,0.948598131,0.971014493,0.962085308,0.963865719,0.011035078,26
68,6.720113134,0.240272376,0.02260108,0.001019627,friedman_mse,0.05,deviance,8,log2,1,2,800,0.8,"{'criterion': 'friedman_mse', 'learning_rate': 0.05, 'loss': 'deviance', 'max_depth': 8, 'max_features': 'log2', 'min_samples_leaf': 1, 'min_samples_split': 2, 'n_estimators': 800, 'subsample': 0.8}",0.961904762,0.975609756,0.948598131,0.971014493,0.962085308,0.96384249,0.009264331,27
55,5.23342371,0.302786568,0.015800667,0.000747997,friedman_mse,0.05,deviance,8,sqrt,1,2,500,0.9,"{'criterion': 'friedman_mse', 'learning_rate': 0.05, 'loss': 'deviance', 'max_depth': 8, 'max_features': 'sqrt', 'min_samples_leaf': 1, 'min_samples_split': 2, 'n_estimators': 500, 'subsample': 0.9}",0.961722488,0.975490196,0.944186047,0.975728155,0.962085308,0.963842439,0.011583574,28
142,5.045303345,0.122630817,0.020103598,0.004640681,friedman_mse,0.075,deviance,8,log2,1,2,1000,0.8,"{'criterion': 'friedman_mse', 'learning_rate': 0.075, 'loss': 'deviance', 'max_depth': 8, 'max_features': 'log2', 'min_samples_leaf': 1, 'min_samples_split': 2, 'n_estimators': 1000, 'subsample': 0.8}",0.961538462,0.965853659,0.953051643,0.975728155,0.962085308,0.963651445,0.00734806,29
203,4.114502621,0.143176918,0.016681623,0.002349307,friedman_mse,0.1,deviance,8,sqrt,1,2,1000,0.9,"{'criterion': 'friedman_mse', 'learning_rate': 0.1, 'loss': 'deviance', 'max_depth': 8, 'max_features': 'sqrt', 'min_samples_leaf': 1, 'min_samples_split': 2, 'n_estimators': 1000, 'subsample': 0.9}",0.947867299,0.980487805,0.948598131,0.975728155,0.962085308,0.96295334,0.013454126,30
66,4.671234751,0.227017012,0.015600443,0.001356515,friedman_mse,0.05,deviance,8,log2,1,2,500,0.8,"{'criterion': 'friedman_mse', 'learning_rate': 0.05, 'loss': 'deviance', 'max_depth': 8, 'max_features': 'log2', 'min_samples_leaf': 1, 'min_samples_split': 2, 'n_estimators': 500, 'subsample': 0.8}",0.952830189,0.975609756,0.953051643,0.970873786,0.962085308,0.962890136,0.009210577,31
211,3.575126171,0.106351956,0.012095928,0.006098626,friedman_mse,0.1,deviance,8,log2,1,2,500,0.9,"{'criterion': 'friedman_mse', 'learning_rate': 0.1, 'loss': 'deviance', 'max_depth': 8, 'max_features': 'log2', 'min_samples_leaf': 1, 'min_samples_split': 2, 'n_estimators': 500, 'subsample': 0.9}",0.956937799,0.980392157,0.948598131,0.966346154,0.962085308,0.96287191,0.010569793,32
214,4.116872025,0.11603184,0.010099888,0.006863151,friedman_mse,0.1,deviance,8,log2,1,2,1000,0.8,"{'criterion': 'friedman_mse', 'learning_rate': 0.1, 'loss': 'deviance', 'max_depth': 8, 'max_features': 'log2', 'min_samples_leaf': 1, 'min_samples_split': 2, 'n_estimators': 1000, 'subsample': 0.8}",0.961904762,0.985294118,0.944186047,0.966346154,0.953051643,0.962156545,0.013847755,33
199,3.960437918,0.265578747,0.01412425,0.001054043,friedman_mse,0.1,deviance,8,sqrt,1,2,500,0.9,"{'criterion': 'friedman_mse', 'learning_rate': 0.1, 'loss': 'deviance', 'max_depth': 8, 'max_features': 'sqrt', 'min_samples_leaf': 1, 'min_samples_split': 2, 'n_estimators': 500, 'subsample': 0.9}",0.957345972,0.975609756,0.948598131,0.975728155,0.953051643,0.962066731,0.011445598,34
141,5.075562811,0.200802591,0.01659956,0.000799609,friedman_mse,0.075,deviance,8,log2,1,2,800,0.9,"{'criterion': 'friedman_mse', 'learning_rate': 0.075, 'loss': 'deviance', 'max_depth': 8, 'max_features': 'log2', 'min_samples_leaf': 1, 'min_samples_split': 2, 'n_estimators': 800, 'subsample': 0.9}",0.952606635,0.975609756,0.944186047,0.975728155,0.95754717,0.961135553,0.012612306,35
179,4.5559793,0.059852611,0.017642021,0.001803321,friedman_mse,0.1,deviance,5,sqrt,1,2,1000,0.9,"{'criterion': 'friedman_mse', 'learning_rate': 0.1, 'loss': 'deviance', 'max_depth': 5, 'max_features': 'sqrt', 'min_samples_leaf': 1, 'min_samples_split': 2, 'n_estimators': 1000, 'subsample': 0.9}",0.961904762,0.975845411,0.935483871,0.966346154,0.962085308,0.960333101,0.013415015,36
105,3.633108759,0.198330176,0.014399767,0.001020021,friedman_mse,0.075,deviance,5,sqrt,1,2,800,0.9,"{'criterion': 'friedman_mse', 'learning_rate': 0.075, 'loss': 'deviance', 'max_depth': 5, 'max_features': 'sqrt', 'min_samples_leaf': 1, 'min_samples_split': 2, 'n_estimators': 800, 'subsample': 0.9}",0.957142857,0.975845411,0.939814815,0.966346154,0.962085308,0.960246909,0.011924759,37
118,4.665326023,0.427232485,0.018600845,0.002870156,friedman_mse,0.075,deviance,5,log2,1,2,1000,0.8,"{'criterion': 'friedman_mse', 'learning_rate': 0.075, 'loss': 'deviance', 'max_depth': 5, 'max_features': 'log2', 'min_samples_leaf': 1, 'min_samples_split': 2, 'n_estimators': 1000, 'subsample': 0.8}",0.966507177,0.971153846,0.935483871,0.966346154,0.95754717,0.959407644,0.012746198,38
177,3.868315792,0.165851257,0.015302896,0.001794599,friedman_mse,0.1,deviance,5,sqrt,1,2,800,0.9,"{'criterion': 'friedman_mse', 'learning_rate': 0.1, 'loss': 'deviance', 'max_depth': 5, 'max_features': 'sqrt', 'min_samples_leaf': 1, 'min_samples_split': 2, 'n_estimators': 800, 'subsample': 0.9}",0.957142857,0.975961538,0.944186047,0.971014493,0.948356808,0.959332348,0.012390878,39
104,3.459244251,0.280646082,0.014601183,0.000801064,friedman_mse,0.075,deviance,5,sqrt,1,2,800,0.8,"{'criterion': 'friedman_mse', 'learning_rate': 0.075, 'loss': 'deviance', 'max_depth': 5, 'max_features': 'sqrt', 'min_samples_leaf': 1, 'min_samples_split': 2, 'n_estimators': 800, 'subsample': 0.8}",0.957142857,0.980676329,0.935483871,0.971014493,0.948356808,0.958534871,0.016017892,40
54,5.430899668,0.740621412,0.016002131,0.000629097,friedman_mse,0.05,deviance,8,sqrt,1,2,500,0.8,"{'criterion': 'friedman_mse', 'learning_rate': 0.05, 'loss': 'deviance', 'max_depth': 8, 'max_features': 'sqrt', 'min_samples_leaf': 1, 'min_samples_split': 2, 'n_estimators': 500, 'subsample': 0.8}",0.957345972,0.975728155,0.943925234,0.956937799,0.95754717,0.958296866,0.010136143,41
176,3.546367741,0.124539599,0.013942051,0.002950809,friedman_mse,0.1,deviance,5,sqrt,1,2,800,0.8,"{'criterion': 'friedman_mse', 'learning_rate': 0.1, 'loss': 'deviance', 'max_depth': 5, 'max_features': 'sqrt', 'min_samples_leaf': 1, 'min_samples_split': 2, 'n_estimators': 800, 'subsample': 0.8}",0.966507177,0.975609756,0.931192661,0.966346154,0.948598131,0.957650776,0.015865388,42
190,4.152029181,0.096427672,0.020031071,0.007155053,friedman_mse,0.1,deviance,5,log2,1,2,1000,0.8,"{'criterion': 'friedman_mse', 'learning_rate': 0.1, 'loss': 'deviance', 'max_depth': 5, 'max_features': 'log2', 'min_samples_leaf': 1, 'min_samples_split': 2, 'n_estimators': 1000, 'subsample': 0.8}",0.957345972,0.975728155,0.935483871,0.971014493,0.948598131,0.957634124,0.014688731,43
44,4.054227972,0.289673806,0.020800018,0.013257887,friedman_mse,0.05,deviance,5,log2,1,2,800,0.8,"{'criterion': 'friedman_mse', 'learning_rate': 0.05, 'loss': 'deviance', 'max_depth': 5, 'max_features': 'log2', 'min_samples_leaf': 1, 'min_samples_split': 2, 'n_estimators': 800, 'subsample': 0.8}",0.952380952,0.971291866,0.939814815,0.966346154,0.957345972,0.957435952,0.011022193,44
189,3.832732105,0.373107454,0.014977074,0.001539971,friedman_mse,0.1,deviance,5,log2,1,2,800,0.9,"{'criterion': 'friedman_mse', 'learning_rate': 0.1, 'loss': 'deviance', 'max_depth': 5, 'max_features': 'log2', 'min_samples_leaf': 1, 'min_samples_split': 2, 'n_estimators': 800, 'subsample': 0.9}",0.966507177,0.971153846,0.931192661,0.966346154,0.948598131,0.956759594,0.014929096,45
178,4.573262119,0.31198473,0.018176413,0.001888133,friedman_mse,0.1,deviance,5,sqrt,1,2,1000,0.8,"{'criterion': 'friedman_mse', 'learning_rate': 0.1, 'loss': 'deviance', 'max_depth': 5, 'max_features': 'sqrt', 'min_samples_leaf': 1, 'min_samples_split': 2, 'n_estimators': 1000, 'subsample': 0.8}",0.971153846,0.971014493,0.935483871,0.961722488,0.944186047,0.956712149,0.014462131,46
188,3.697063875,0.306685148,0.015091515,0.000906498,friedman_mse,0.1,deviance,5,log2,1,2,800,0.8,"{'criterion': 'friedman_mse', 'learning_rate': 0.1, 'loss': 'deviance', 'max_depth': 5, 'max_features': 'log2', 'min_samples_leaf': 1, 'min_samples_split': 2, 'n_estimators': 800, 'subsample': 0.8}",0.952830189,0.975728155,0.939814815,0.966346154,0.948598131,0.956663489,0.012812787,47
106,4.513263893,0.348427326,0.030310392,0.015410523,friedman_mse,0.075,deviance,5,sqrt,1,2,1000,0.8,"{'criterion': 'friedman_mse', 'learning_rate': 0.075, 'loss': 'deviance', 'max_depth': 5, 'max_features': 'sqrt', 'min_samples_leaf': 1, 'min_samples_split': 2, 'n_estimators': 1000, 'subsample': 0.8}",0.961904762,0.971291866,0.944186047,0.961722488,0.944186047,0.956658242,0.010755713,48
107,5.165309477,0.703239377,0.020709991,0.00575607,friedman_mse,0.075,deviance,5,sqrt,1,2,1000,0.9,"{'criterion': 'friedman_mse', 'learning_rate': 0.075, 'loss': 'deviance', 'max_depth': 5, 'max_features': 'sqrt', 'min_samples_leaf': 1, 'min_samples_split': 2, 'n_estimators': 1000, 'subsample': 0.9}",0.957142857,0.971291866,0.939814815,0.961722488,0.952830189,0.956560443,0.010376238,49
191,4.36817174,0.096051674,0.018090963,0.00674381,friedman_mse,0.1,deviance,5,log2,1,2,1000,0.9,"{'criterion': 'friedman_mse', 'learning_rate': 0.1, 'loss': 'deviance', 'max_depth': 5, 'max_features': 'log2', 'min_samples_leaf': 1, 'min_samples_split': 2, 'n_estimators': 1000, 'subsample': 0.9}",0.966507177,0.971291866,0.922727273,0.966346154,0.953051643,0.955984823,0.017703394,50
117,4.029446888,0.481390433,0.014199686,0.001167006,friedman_mse,0.075,deviance,5,log2,1,2,800,0.9,"{'criterion': 'friedman_mse', 'learning_rate': 0.075, 'loss': 'deviance', 'max_depth': 5, 'max_features': 'log2', 'min_samples_leaf': 1, 'min_samples_split': 2, 'n_estimators': 800, 'subsample': 0.9}",0.952830189,0.971291866,0.931192661,0.971014493,0.953051643,0.95587617,0.014787455,51
47,5.10250411,0.582009313,0.022509146,0.004487442,friedman_mse,0.05,deviance,5,log2,1,2,1000,0.9,"{'criterion': 'friedman_mse', 'learning_rate': 0.05, 'loss': 'deviance', 'max_depth': 5, 'max_features': 'log2', 'min_samples_leaf': 1, 'min_samples_split': 2, 'n_estimators': 1000, 'subsample': 0.9}",0.956937799,0.975728155,0.926940639,0.966346154,0.953051643,0.955800878,0.016432063,52
34,4.585748339,0.524594373,0.019604683,0.002938042,friedman_mse,0.05,deviance,5,sqrt,1,2,1000,0.8,"{'criterion': 'friedman_mse', 'learning_rate': 0.05, 'loss': 'deviance', 'max_depth': 5, 'max_features': 'sqrt', 'min_samples_leaf': 1, 'min_samples_split': 2, 'n_estimators': 1000, 'subsample': 0.8}",0.952830189,0.971291866,0.939814815,0.966346154,0.948598131,0.955776231,0.011553608,53
119,4.684466267,0.313557781,0.023509121,0.011805658,friedman_mse,0.075,deviance,5,log2,1,2,1000,0.9,"{'criterion': 'friedman_mse', 'learning_rate': 0.075, 'loss': 'deviance', 'max_depth': 5, 'max_features': 'log2', 'min_samples_leaf': 1, 'min_samples_split': 2, 'n_estimators': 1000, 'subsample': 0.9}",0.961904762,0.971014493,0.931192661,0.966346154,0.948356808,0.955762975,0.014428345,54
103,2.292172146,0.14146441,0.010401392,0.001497417,friedman_mse,0.075,deviance,5,sqrt,1,2,500,0.9,"{'criterion': 'friedman_mse', 'learning_rate': 0.075, 'loss': 'deviance', 'max_depth': 5, 'max_features': 'sqrt', 'min_samples_leaf': 1, 'min_samples_split': 2, 'n_estimators': 500, 'subsample': 0.9}",0.956730769,0.980582524,0.918552036,0.971014493,0.948356808,0.955047326,0.021384574,55
46,5.456453848,0.455025508,0.025199986,0.014943906,friedman_mse,0.05,deviance,5,log2,1,2,1000,0.8,"{'criterion': 'friedman_mse', 'learning_rate': 0.05, 'loss': 'deviance', 'max_depth': 5, 'max_features': 'log2', 'min_samples_leaf': 1, 'min_samples_split': 2, 'n_estimators': 1000, 'subsample': 0.8}",0.952830189,0.971014493,0.931192661,0.971014493,0.948598131,0.954929993,0.015002566,56
174,2.172578526,0.024070645,0.012995005,0.005324218,friedman_mse,0.1,deviance,5,sqrt,1,2,500,0.8,"{'criterion': 'friedman_mse', 'learning_rate': 0.1, 'loss': 'deviance', 'max_depth': 5, 'max_features': 'sqrt', 'min_samples_leaf': 1, 'min_samples_split': 2, 'n_estimators': 500, 'subsample': 0.8}",0.952606635,0.971014493,0.926605505,0.971014493,0.953051643,0.954858554,0.016300918,57
45,4.840974903,0.525304509,0.027999401,0.018929854,friedman_mse,0.05,deviance,5,log2,1,2,800,0.9,"{'criterion': 'friedman_mse', 'learning_rate': 0.05, 'loss': 'deviance', 'max_depth': 5, 'max_features': 'log2', 'min_samples_leaf': 1, 'min_samples_split': 2, 'n_estimators': 800, 'subsample': 0.9}",0.948113208,0.975961538,0.931192661,0.966346154,0.948598131,0.954042338,0.015612412,58
187,2.465765905,0.081289991,0.011247396,0.006133376,friedman_mse,0.1,deviance,5,log2,1,2,500,0.9,"{'criterion': 'friedman_mse', 'learning_rate': 0.1, 'loss': 'deviance', 'max_depth': 5, 'max_features': 'log2', 'min_samples_leaf': 1, 'min_samples_split': 2, 'n_estimators': 500, 'subsample': 0.9}",0.957142857,0.980392157,0.930875576,0.961722488,0.939814815,0.953989579,0.017332156,59
35,4.987060452,1.025793791,0.020200062,0.007025481,friedman_mse,0.05,deviance,5,sqrt,1,2,1000,0.9,"{'criterion': 'friedman_mse', 'learning_rate': 0.05, 'loss': 'deviance', 'max_depth': 5, 'max_features': 'sqrt', 'min_samples_leaf': 1, 'min_samples_split': 2, 'n_estimators': 1000, 'subsample': 0.9}",0.961722488,0.971153846,0.931192661,0.957142857,0.948598131,0.953961997,0.013513819,60
175,2.34514637,0.033585429,0.014929771,0.003318037,friedman_mse,0.1,deviance,5,sqrt,1,2,500,0.9,"{'criterion': 'friedman_mse', 'learning_rate': 0.1, 'loss': 'deviance', 'max_depth': 5, 'max_features': 'sqrt', 'min_samples_leaf': 1, 'min_samples_split': 2, 'n_estimators': 500, 'subsample': 0.9}",0.952606635,0.971291866,0.926605505,0.961722488,0.95754717,0.953954733,0.01499078,61
114,2.24076972,0.148536696,0.011601114,0.001626054,friedman_mse,0.075,deviance,5,log2,1,2,500,0.8,"{'criterion': 'friedman_mse', 'learning_rate': 0.075, 'loss': 'deviance', 'max_depth': 5, 'max_features': 'log2', 'min_samples_leaf': 1, 'min_samples_split': 2, 'n_estimators': 500, 'subsample': 0.8}",0.943396226,0.975490196,0.935483871,0.966346154,0.948598131,0.953862916,0.014823153,62
115,2.382682085,0.160951366,0.01219964,0.001601637,friedman_mse,0.075,deviance,5,log2,1,2,500,0.9,"{'criterion': 'friedman_mse', 'learning_rate': 0.075, 'loss': 'deviance', 'max_depth': 5, 'max_features': 'log2', 'min_samples_leaf': 1, 'min_samples_split': 2, 'n_estimators': 500, 'subsample': 0.9}",0.948356808,0.975961538,0.926940639,0.961722488,0.953051643,0.953206623,0.016147772,63
42,1.880789852,0.159961458,0.009005785,0.001561674,friedman_mse,0.05,deviance,5,log2,1,2,500,0.8,"{'criterion': 'friedman_mse', 'learning_rate': 0.05, 'loss': 'deviance', 'max_depth': 5, 'max_features': 'log2', 'min_samples_leaf': 1, 'min_samples_split': 2, 'n_estimators': 500, 'subsample': 0.8}",0.952606635,0.975728155,0.930875576,0.961722488,0.944186047,0.95302378,0.015231406,64
102,2.163746405,0.177820123,0.010401154,0.001019312,friedman_mse,0.075,deviance,5,sqrt,1,2,500,0.8,"{'criterion': 'friedman_mse', 'learning_rate': 0.075, 'loss': 'deviance', 'max_depth': 5, 'max_features': 'sqrt', 'min_samples_leaf': 1, 'min_samples_split': 2, 'n_estimators': 500, 'subsample': 0.8}",0.943661972,0.975961538,0.926940639,0.975728155,0.935483871,0.951555235,0.02052544,65
32,3.16586957,0.377870877,0.013798523,0.003967593,friedman_mse,0.05,deviance,5,sqrt,1,2,800,0.8,"{'criterion': 'friedman_mse', 'learning_rate': 0.05, 'loss': 'deviance', 'max_depth': 5, 'max_features': 'sqrt', 'min_samples_leaf': 1, 'min_samples_split': 2, 'n_estimators': 800, 'subsample': 0.8}",0.952380952,0.975728155,0.922727273,0.957142857,0.948598131,0.951315474,0.01706307,66
116,4.293292809,0.485517315,0.016400337,0.005426026,friedman_mse,0.075,deviance,5,log2,1,2,800,0.8,"{'criterion': 'friedman_mse', 'learning_rate': 0.075, 'loss': 'deviance', 'max_depth': 5, 'max_features': 'log2', 'min_samples_leaf': 1, 'min_samples_split': 2, 'n_estimators': 800, 'subsample': 0.8}",0.952830189,0.971153846,0.922727273,0.957142857,0.948598131,0.950490459,0.015818216,67
30,1.887003422,0.074504436,0.009398413,0.000488185,friedman_mse,0.05,deviance,5,sqrt,1,2,500,0.8,"{'criterion': 'friedman_mse', 'learning_rate': 0.05, 'loss': 'deviance', 'max_depth': 5, 'max_features': 'sqrt', 'min_samples_leaf': 1, 'min_samples_split': 2, 'n_estimators': 500, 'subsample': 0.8}",0.943661972,0.971153846,0.931192661,0.952606635,0.953051643,0.950333351,0.013091396,68
33,3.382968807,0.270625355,0.013999605,0.002529696,friedman_mse,0.05,deviance,5,sqrt,1,2,800,0.9,"{'criterion': 'friedman_mse', 'learning_rate': 0.05, 'loss': 'deviance', 'max_depth': 5, 'max_features': 'sqrt', 'min_samples_leaf': 1, 'min_samples_split': 2, 'n_estimators': 800, 'subsample': 0.9}",0.938967136,0.975961538,0.918181818,0.971014493,0.944186047,0.949662206,0.021368026,69
43,2.21582408,0.181497247,0.009200954,0.000401068,friedman_mse,0.05,deviance,5,log2,1,2,500,0.9,"{'criterion': 'friedman_mse', 'learning_rate': 0.05, 'loss': 'deviance', 'max_depth': 5, 'max_features': 'log2', 'min_samples_leaf': 1, 'min_samples_split': 2, 'n_estimators': 500, 'subsample': 0.9}",0.943127962,0.975728155,0.918552036,0.961722488,0.948356808,0.94949749,0.019167637,70
31,1.962589645,0.073041004,0.00950141,0.001098414,friedman_mse,0.05,deviance,5,sqrt,1,2,500,0.9,"{'criterion': 'friedman_mse', 'learning_rate': 0.05, 'loss': 'deviance', 'max_depth': 5, 'max_features': 'sqrt', 'min_samples_leaf': 1, 'min_samples_split': 2, 'n_estimators': 500, 'subsample': 0.9}",0.952380952,0.966346154,0.914414414,0.957142857,0.948356808,0.947728237,0.01770376,71
186,2.244811392,0.087747667,0.014847898,0.002978751,friedman_mse,0.1,deviance,5,log2,1,2,500,0.8,"{'criterion': 'friedman_mse', 'learning_rate': 0.1, 'loss': 'deviance', 'max_depth': 5, 'max_features': 'log2', 'min_samples_leaf': 1, 'min_samples_split': 2, 'n_estimators': 500, 'subsample': 0.8}",0.939534884,0.971291866,0.922727273,0.957142857,0.935483871,0.94523615,0.017058317,72
153,2.217974281,0.035372452,0.005669451,0.005073002,friedman_mse,0.1,deviance,3,sqrt,1,2,800,0.9,"{'criterion': 'friedman_mse', 'learning_rate': 0.1, 'loss': 'deviance', 'max_depth': 3, 'max_features': 'sqrt', 'min_samples_leaf': 1, 'min_samples_split': 2, 'n_estimators': 800, 'subsample': 0.9}",0.95215311,0.957345972,0.913636364,0.961722488,0.935185185,0.944008624,0.017654041,73
154,2.543743706,0.029222657,0.009462118,0.007880022,friedman_mse,0.1,deviance,3,sqrt,1,2,1000,0.8,"{'criterion': 'friedman_mse', 'learning_rate': 0.1, 'loss': 'deviance', 'max_depth': 3, 'max_features': 'sqrt', 'min_samples_leaf': 1, 'min_samples_split': 2, 'n_estimators': 1000, 'subsample': 0.8}",0.947368421,0.966346154,0.926605505,0.957142857,0.918181818,0.943128951,0.018159212,74
155,2.780348587,0.049270853,0.01130662,0.005969473,friedman_mse,0.1,deviance,3,sqrt,1,2,1000,0.9,"{'criterion': 'friedman_mse', 'learning_rate': 0.1, 'loss': 'deviance', 'max_depth': 3, 'max_features': 'sqrt', 'min_samples_leaf': 1, 'min_samples_split': 2, 'n_estimators': 1000, 'subsample': 0.9}",0.946859903,0.966346154,0.918181818,0.947867299,0.935185185,0.942888072,0.015878181,75
165,2.195403051,0.01857257,0.007531071,0.008080873,friedman_mse,0.1,deviance,3,log2,1,2,800,0.9,"{'criterion': 'friedman_mse', 'learning_rate': 0.1, 'loss': 'deviance', 'max_depth': 3, 'max_features': 'log2', 'min_samples_leaf': 1, 'min_samples_split': 2, 'n_estimators': 800, 'subsample': 0.9}",0.946859903,0.966346154,0.930875576,0.943661972,0.918181818,0.941185085,0.016166967,76
167,2.759073114,0.025597009,0.012840414,0.006548529,friedman_mse,0.1,deviance,3,log2,1,2,1000,0.9,"{'criterion': 'friedman_mse', 'learning_rate': 0.1, 'loss': 'deviance', 'max_depth': 3, 'max_features': 'log2', 'min_samples_leaf': 1, 'min_samples_split': 2, 'n_estimators': 1000, 'subsample': 0.9}",0.942307692,0.971153846,0.918181818,0.952606635,0.918181818,0.940486362,0.020423997,77
164,2.071859789,0.027734779,0.012921286,0.003312845,friedman_mse,0.1,deviance,3,log2,1,2,800,0.8,"{'criterion': 'friedman_mse', 'learning_rate': 0.1, 'loss': 'deviance', 'max_depth': 3, 'max_features': 'log2', 'min_samples_leaf': 1, 'min_samples_split': 2, 'n_estimators': 800, 'subsample': 0.8}",0.929906542,0.961538462,0.922018349,0.961722488,0.926605505,0.940358269,0.017548562,78
166,2.578871298,0.010622665,0.01063838,0.005568709,friedman_mse,0.1,deviance,3,log2,1,2,1000,0.8,"{'criterion': 'friedman_mse', 'learning_rate': 0.1, 'loss': 'deviance', 'max_depth': 3, 'max_features': 'log2', 'min_samples_leaf': 1, 'min_samples_split': 2, 'n_estimators': 1000, 'subsample': 0.8}",0.942583732,0.957142857,0.926267281,0.952606635,0.922374429,0.940194987,0.013845856,79
92,2.11947155,0.061227744,0.009800768,0.001165746,friedman_mse,0.075,deviance,3,log2,1,2,800,0.8,"{'criterion': 'friedman_mse', 'learning_rate': 0.075, 'loss': 'deviance', 'max_depth': 3, 'max_features': 'log2', 'min_samples_leaf': 1, 'min_samples_split': 2, 'n_estimators': 800, 'subsample': 0.8}",0.932692308,0.966019417,0.917808219,0.952606635,0.926605505,0.939146417,0.01764984,80
80,1.90221734,0.042469212,0.010201454,0.001163938,friedman_mse,0.075,deviance,3,sqrt,1,2,800,0.8,"{'criterion': 'friedman_mse', 'learning_rate': 0.075, 'loss': 'deviance', 'max_depth': 3, 'max_features': 'sqrt', 'min_samples_leaf': 1, 'min_samples_split': 2, 'n_estimators': 800, 'subsample': 0.8}",0.942583732,0.961904762,0.90990991,0.948113208,0.931192661,0.938740854,0.017477837,81
83,2.792169762,0.122224492,0.009999561,1.04E-06,friedman_mse,0.075,deviance,3,sqrt,1,2,1000,0.9,"{'criterion': 'friedman_mse', 'learning_rate': 0.075, 'loss': 'deviance', 'max_depth': 3, 'max_features': 'sqrt', 'min_samples_leaf': 1, 'min_samples_split': 2, 'n_estimators': 1000, 'subsample': 0.9}",0.942583732,0.961722488,0.922018349,0.957142857,0.90990991,0.938675467,0.019961969,82
151,1.374657869,0.01636442,0.001102543,0.002205086,friedman_mse,0.1,deviance,3,sqrt,1,2,500,0.9,"{'criterion': 'friedman_mse', 'learning_rate': 0.1, 'loss': 'deviance', 'max_depth': 3, 'max_features': 'sqrt', 'min_samples_leaf': 1, 'min_samples_split': 2, 'n_estimators': 500, 'subsample': 0.9}",0.933649289,0.971014493,0.90990991,0.948113208,0.926605505,0.937858481,0.020639525,83
82,2.519164276,0.113378694,0.012801695,0.00240098,friedman_mse,0.075,deviance,3,sqrt,1,2,1000,0.8,"{'criterion': 'friedman_mse', 'learning_rate': 0.075, 'loss': 'deviance', 'max_depth': 3, 'max_features': 'sqrt', 'min_samples_leaf': 1, 'min_samples_split': 2, 'n_estimators': 1000, 'subsample': 0.8}",0.942583732,0.961904762,0.913636364,0.948113208,0.922727273,0.937793068,0.01744336,84
163,1.41804719,0.026436779,0.007258129,0.005037523,friedman_mse,0.1,deviance,3,log2,1,2,500,0.9,"{'criterion': 'friedman_mse', 'learning_rate': 0.1, 'loss': 'deviance', 'max_depth': 3, 'max_features': 'log2', 'min_samples_leaf': 1, 'min_samples_split': 2, 'n_estimators': 500, 'subsample': 0.9}",0.9375,0.961722488,0.917808219,0.952606635,0.918181818,0.937563832,0.017753182,85
22,2.035455084,0.019663701,0.009991837,0.000619432,friedman_mse,0.05,deviance,3,log2,1,2,1000,0.8,"{'criterion': 'friedman_mse', 'learning_rate': 0.05, 'loss': 'deviance', 'max_depth': 3, 'max_features': 'log2', 'min_samples_leaf': 1, 'min_samples_split': 2, 'n_estimators': 1000, 'subsample': 0.8}",0.946601942,0.95215311,0.917808219,0.952606635,0.918181818,0.937470345,0.016041966,86
152,2.004418659,0.036535817,0.012052298,0.00655111,friedman_mse,0.1,deviance,3,sqrt,1,2,800,0.8,"{'criterion': 'friedman_mse', 'learning_rate': 0.1, 'loss': 'deviance', 'max_depth': 3, 'max_features': 'sqrt', 'min_samples_leaf': 1, 'min_samples_split': 2, 'n_estimators': 800, 'subsample': 0.8}",0.942583732,0.957345972,0.922374429,0.952606635,0.90990991,0.936964136,0.01809131,87
11,2.227896261,0.060896825,0.010207224,0.001165926,friedman_mse,0.05,deviance,3,sqrt,1,2,1000,0.9,"{'criterion': 'friedman_mse', 'learning_rate': 0.05, 'loss': 'deviance', 'max_depth': 3, 'max_features': 'sqrt', 'min_samples_leaf': 1, 'min_samples_split': 2, 'n_estimators': 1000, 'subsample': 0.9}",0.933333333,0.961722488,0.917808219,0.939252336,0.930875576,0.936598391,0.014385725,88
10,2.145236158,0.073384823,0.0099998,0.001414786,friedman_mse,0.05,deviance,3,sqrt,1,2,1000,0.8,"{'criterion': 'friedman_mse', 'learning_rate': 0.05, 'loss': 'deviance', 'max_depth': 3, 'max_features': 'sqrt', 'min_samples_leaf': 1, 'min_samples_split': 2, 'n_estimators': 1000, 'subsample': 0.8}",0.927884615,0.961904762,0.926605505,0.943661972,0.922727273,0.936556825,0.01454987,89
90,1.298013163,0.051299777,0.007998323,0.002096761,friedman_mse,0.075,deviance,3,log2,1,2,500,0.8,"{'criterion': 'friedman_mse', 'learning_rate': 0.075, 'loss': 'deviance', 'max_depth': 3, 'max_features': 'log2', 'min_samples_leaf': 1, 'min_samples_split': 2, 'n_estimators': 500, 'subsample': 0.8}",0.9375,0.956730769,0.922374429,0.939252336,0.926605505,0.936492608,0.011960701,90
150,1.252784109,0.024877223,0.006234455,0.002689763,friedman_mse,0.1,deviance,3,sqrt,1,2,500,0.8,"{'criterion': 'friedman_mse', 'learning_rate': 0.1, 'loss': 'deviance', 'max_depth': 3, 'max_features': 'sqrt', 'min_samples_leaf': 1, 'min_samples_split': 2, 'n_estimators': 500, 'subsample': 0.8}",0.947115385,0.951923077,0.90990991,0.948113208,0.922374429,0.935887202,0.016674,91
23,2.313935947,0.114532648,0.0095644,0.000831447,friedman_mse,0.05,deviance,3,log2,1,2,1000,0.9,"{'criterion': 'friedman_mse', 'learning_rate': 0.05, 'loss': 'deviance', 'max_depth': 3, 'max_features': 'log2', 'min_samples_leaf': 1, 'min_samples_split': 2, 'n_estimators': 1000, 'subsample': 0.9}",0.933014354,0.957345972,0.926267281,0.943661972,0.918552036,0.935768323,0.013580569,92
20,1.712803507,0.058893409,0.00919981,0.001600481,friedman_mse,0.05,deviance,3,log2,1,2,800,0.8,"{'criterion': 'friedman_mse', 'learning_rate': 0.05, 'loss': 'deviance', 'max_depth': 3, 'max_features': 'log2', 'min_samples_leaf': 1, 'min_samples_split': 2, 'n_estimators': 800, 'subsample': 0.8}",0.924170616,0.961165049,0.917808219,0.943661972,0.930875576,0.935536286,0.015414573,93
162,1.316344833,0.045536566,0.010014343,0.004435794,friedman_mse,0.1,deviance,3,log2,1,2,500,0.8,"{'criterion': 'friedman_mse', 'learning_rate': 0.1, 'loss': 'deviance', 'max_depth': 3, 'max_features': 'log2', 'min_samples_leaf': 1, 'min_samples_split': 2, 'n_estimators': 500, 'subsample': 0.8}",0.924170616,0.966346154,0.90990991,0.939252336,0.935483871,0.935032577,0.018695886,94
81,2.073271942,0.058713446,0.010801125,0.00074815,friedman_mse,0.075,deviance,3,sqrt,1,2,800,0.9,"{'criterion': 'friedman_mse', 'learning_rate': 0.075, 'loss': 'deviance', 'max_depth': 3, 'max_features': 'sqrt', 'min_samples_leaf': 1, 'min_samples_split': 2, 'n_estimators': 800, 'subsample': 0.9}",0.941747573,0.961722488,0.905405405,0.943661972,0.922374429,0.934982373,0.019338533,95
95,2.796113253,0.135730141,0.013000441,0.003687758,friedman_mse,0.075,deviance,3,log2,1,2,1000,0.9,"{'criterion': 'friedman_mse', 'learning_rate': 0.075, 'loss': 'deviance', 'max_depth': 3, 'max_features': 'log2', 'min_samples_leaf': 1, 'min_samples_split': 2, 'n_estimators': 1000, 'subsample': 0.9}",0.933014354,0.957345972,0.909502262,0.948113208,0.926605505,0.93491626,0.016708133,96
94,2.479931259,0.068891565,0.012000418,0.001095018,friedman_mse,0.075,deviance,3,log2,1,2,1000,0.8,"{'criterion': 'friedman_mse', 'learning_rate': 0.075, 'loss': 'deviance', 'max_depth': 3, 'max_features': 'log2', 'min_samples_leaf': 1, 'min_samples_split': 2, 'n_estimators': 1000, 'subsample': 0.8}",0.924528302,0.957142857,0.926605505,0.943661972,0.922374429,0.934862613,0.013451918,97
93,2.301962233,0.117074705,0.009598446,0.000489368,friedman_mse,0.075,deviance,3,log2,1,2,800,0.9,"{'criterion': 'friedman_mse', 'learning_rate': 0.075, 'loss': 'deviance', 'max_depth': 3, 'max_features': 'log2', 'min_samples_leaf': 1, 'min_samples_split': 2, 'n_estimators': 800, 'subsample': 0.9}",0.932692308,0.948356808,0.926267281,0.943661972,0.922727273,0.934741128,0.009851951,98
79,1.27283597,0.026786729,0.007600164,0.001201582,friedman_mse,0.075,deviance,3,sqrt,1,2,500,0.9,"{'criterion': 'friedman_mse', 'learning_rate': 0.075, 'loss': 'deviance', 'max_depth': 3, 'max_features': 'sqrt', 'min_samples_leaf': 1, 'min_samples_split': 2, 'n_estimators': 500, 'subsample': 0.9}",0.927884615,0.956937799,0.905829596,0.952606635,0.926605505,0.93397283,0.018750968,99
78,1.174217749,0.033503814,0.006999922,0.000631883,friedman_mse,0.075,deviance,3,sqrt,1,2,500,0.8,"{'criterion': 'friedman_mse', 'learning_rate': 0.075, 'loss': 'deviance', 'max_depth': 3, 'max_features': 'sqrt', 'min_samples_leaf': 1, 'min_samples_split': 2, 'n_estimators': 500, 'subsample': 0.8}",0.923809524,0.95215311,0.913636364,0.952606635,0.926605505,0.933762227,0.015802922,100
8,1.639196777,0.035725763,0.008799791,0.001327158,friedman_mse,0.05,deviance,3,sqrt,1,2,800,0.8,"{'criterion': 'friedman_mse', 'learning_rate': 0.05, 'loss': 'deviance', 'max_depth': 3, 'max_features': 'sqrt', 'min_samples_leaf': 1, 'min_samples_split': 2, 'n_estimators': 800, 'subsample': 0.8}",0.924882629,0.966183575,0.909502262,0.943396226,0.918181818,0.932429302,0.020224819,101
91,1.335653973,0.039854715,0.008000898,0.001789365,friedman_mse,0.075,deviance,3,log2,1,2,500,0.9,"{'criterion': 'friedman_mse', 'learning_rate': 0.075, 'loss': 'deviance', 'max_depth': 3, 'max_features': 'log2', 'min_samples_leaf': 1, 'min_samples_split': 2, 'n_estimators': 500, 'subsample': 0.9}",0.933333333,0.947867299,0.917808219,0.948113208,0.914027149,0.932229842,0.014403821,102
21,1.92223177,0.033856839,0.009799385,0.00271327,friedman_mse,0.05,deviance,3,log2,1,2,800,0.9,"{'criterion': 'friedman_mse', 'learning_rate': 0.05, 'loss': 'deviance', 'max_depth': 3, 'max_features': 'log2', 'min_samples_leaf': 1, 'min_samples_split': 2, 'n_estimators': 800, 'subsample': 0.9}",0.91943128,0.956937799,0.914027149,0.943661972,0.922374429,0.931286526,0.016303361,103
9,1.780576849,0.062796215,0.009400654,0.001019534,friedman_mse,0.05,deviance,3,sqrt,1,2,800,0.9,"{'criterion': 'friedman_mse', 'learning_rate': 0.05, 'loss': 'deviance', 'max_depth': 3, 'max_features': 'sqrt', 'min_samples_leaf': 1, 'min_samples_split': 2, 'n_estimators': 800, 'subsample': 0.9}",0.923809524,0.952830189,0.909502262,0.948113208,0.918181818,0.9304874,0.017007449,104
19,1.078366566,0.025720042,0.006999302,0.001549729,friedman_mse,0.05,deviance,3,log2,1,2,500,0.9,"{'criterion': 'friedman_mse', 'learning_rate': 0.05, 'loss': 'deviance', 'max_depth': 3, 'max_features': 'log2', 'min_samples_leaf': 1, 'min_samples_split': 2, 'n_estimators': 500, 'subsample': 0.9}",0.914691943,0.956730769,0.909090909,0.938967136,0.922374429,0.928371037,0.017385925,105
18,1.048841095,0.042710199,0.006399488,0.000490682,friedman_mse,0.05,deviance,3,log2,1,2,500,0.8,"{'criterion': 'friedman_mse', 'learning_rate': 0.05, 'loss': 'deviance', 'max_depth': 3, 'max_features': 'log2', 'min_samples_leaf': 1, 'min_samples_split': 2, 'n_estimators': 500, 'subsample': 0.8}",0.918660287,0.95215311,0.901785714,0.939252336,0.926605505,0.92769139,0.017238766,106
7,1.101821947,0.038260179,0.005998802,0.000634069,friedman_mse,0.05,deviance,3,sqrt,1,2,500,0.9,"{'criterion': 'friedman_mse', 'learning_rate': 0.05, 'loss': 'deviance', 'max_depth': 3, 'max_features': 'sqrt', 'min_samples_leaf': 1, 'min_samples_split': 2, 'n_estimators': 500, 'subsample': 0.9}",0.919047619,0.956730769,0.901785714,0.939252336,0.918181818,0.926999651,0.019030498,107
6,1.008997822,0.020755061,0.006599855,0.001356537,friedman_mse,0.05,deviance,3,sqrt,1,2,500,0.8,"{'criterion': 'friedman_mse', 'learning_rate': 0.05, 'loss': 'deviance', 'max_depth': 3, 'max_features': 'sqrt', 'min_samples_leaf': 1, 'min_samples_split': 2, 'n_estimators': 500, 'subsample': 0.8}",0.919047619,0.966346154,0.905829596,0.934579439,0.901785714,0.925517705,0.023416952,108
161,0.002397537,0.000486786,0,0,friedman_mse,0.1,deviance,3,log2,1,1,1000,0.9,"{'criterion': 'friedman_mse', 'learning_rate': 0.1, 'loss': 'deviance', 'max_depth': 3, 'max_features': 'log2', 'min_samples_leaf': 1, 'min_samples_split': 1, 'n_estimators': 1000, 'subsample': 0.9}",,,,,,,,109
156,0.003513432,0.007026863,0,0,friedman_mse,0.1,deviance,3,log2,1,1,500,0.8,"{'criterion': 'friedman_mse', 'learning_rate': 0.1, 'loss': 'deviance', 'max_depth': 3, 'max_features': 'log2', 'min_samples_leaf': 1, 'min_samples_split': 1, 'n_estimators': 500, 'subsample': 0.8}",,,,,,,,110
168,0.003953981,0.006506797,0,0,friedman_mse,0.1,deviance,5,sqrt,1,1,500,0.8,"{'criterion': 'friedman_mse', 'learning_rate': 0.1, 'loss': 'deviance', 'max_depth': 5, 'max_features': 'sqrt', 'min_samples_leaf': 1, 'min_samples_split': 1, 'n_estimators': 500, 'subsample': 0.8}",,,,,,,,111
170,0.003412819,0.006617825,0,0,friedman_mse,0.1,deviance,5,sqrt,1,1,800,0.8,"{'criterion': 'friedman_mse', 'learning_rate': 0.1, 'loss': 'deviance', 'max_depth': 5, 'max_features': 'sqrt', 'min_samples_leaf': 1, 'min_samples_split': 1, 'n_estimators': 800, 'subsample': 0.8}",,,,,,,,112
171,0.003328848,0.006657696,0,0,friedman_mse,0.1,deviance,5,sqrt,1,1,800,0.9,"{'criterion': 'friedman_mse', 'learning_rate': 0.1, 'loss': 'deviance', 'max_depth': 5, 'max_features': 'sqrt', 'min_samples_leaf': 1, 'min_samples_split': 1, 'n_estimators': 800, 'subsample': 0.9}",,,,,,,,113
172,0.00334878,0.006697559,0,0,friedman_mse,0.1,deviance,5,sqrt,1,1,1000,0.8,"{'criterion': 'friedman_mse', 'learning_rate': 0.1, 'loss': 'deviance', 'max_depth': 5, 'max_features': 'sqrt', 'min_samples_leaf': 1, 'min_samples_split': 1, 'n_estimators': 1000, 'subsample': 0.8}",,,,,,,,114
173,0.003328037,0.006656075,0,0,friedman_mse,0.1,deviance,5,sqrt,1,1,1000,0.9,"{'criterion': 'friedman_mse', 'learning_rate': 0.1, 'loss': 'deviance', 'max_depth': 5, 'max_features': 'sqrt', 'min_samples_leaf': 1, 'min_samples_split': 1, 'n_estimators': 1000, 'subsample': 0.9}",,,,,,,,115
157,0.004850531,0.006833711,0,0,friedman_mse,0.1,deviance,3,log2,1,1,500,0.9,"{'criterion': 'friedman_mse', 'learning_rate': 0.1, 'loss': 'deviance', 'max_depth': 3, 'max_features': 'log2', 'min_samples_leaf': 1, 'min_samples_split': 1, 'n_estimators': 500, 'subsample': 0.9}",,,,,,,,116
158,0.00147357,0.001856243,0,0,friedman_mse,0.1,deviance,3,log2,1,1,800,0.8,"{'criterion': 'friedman_mse', 'learning_rate': 0.1, 'loss': 'deviance', 'max_depth': 3, 'max_features': 'log2', 'min_samples_leaf': 1, 'min_samples_split': 1, 'n_estimators': 800, 'subsample': 0.8}",,,,,,,,117
159,0.003680706,0.006530889,0,0,friedman_mse,0.1,deviance,3,log2,1,1,800,0.9,"{'criterion': 'friedman_mse', 'learning_rate': 0.1, 'loss': 'deviance', 'max_depth': 3, 'max_features': 'log2', 'min_samples_leaf': 1, 'min_samples_split': 1, 'n_estimators': 800, 'subsample': 0.9}",,,,,,,,118
160,0.006116867,0.007699968,0,0,friedman_mse,0.1,deviance,3,log2,1,1,1000,0.8,"{'criterion': 'friedman_mse', 'learning_rate': 0.1, 'loss': 'deviance', 'max_depth': 3, 'max_features': 'log2', 'min_samples_leaf': 1, 'min_samples_split': 1, 'n_estimators': 1000, 'subsample': 0.8}",,,,,,,,119
169,0.000226259,0.000452518,0,0,friedman_mse,0.1,deviance,5,sqrt,1,1,500,0.9,"{'criterion': 'friedman_mse', 'learning_rate': 0.1, 'loss': 'deviance', 'max_depth': 5, 'max_features': 'sqrt', 'min_samples_leaf': 1, 'min_samples_split': 1, 'n_estimators': 500, 'subsample': 0.9}",,,,,,,,120
49,0.002999973,0.000632863,0,0,friedman_mse,0.05,deviance,8,sqrt,1,1,500,0.9,"{'criterion': 'friedman_mse', 'learning_rate': 0.05, 'loss': 'deviance', 'max_depth': 8, 'max_features': 'sqrt', 'min_samples_leaf': 1, 'min_samples_split': 1, 'n_estimators': 500, 'subsample': 0.9}",,,,,,,,121
16,0.002600002,0.000489921,0,0,friedman_mse,0.05,deviance,3,log2,1,1,1000,0.8,"{'criterion': 'friedman_mse', 'learning_rate': 0.05, 'loss': 'deviance', 'max_depth': 3, 'max_features': 'log2', 'min_samples_leaf': 1, 'min_samples_split': 1, 'n_estimators': 1000, 'subsample': 0.8}",,,,,,,,122
1,0.003599501,0.001200628,0,0,friedman_mse,0.05,deviance,3,sqrt,1,1,500,0.9,"{'criterion': 'friedman_mse', 'learning_rate': 0.05, 'loss': 'deviance', 'max_depth': 3, 'max_features': 'sqrt', 'min_samples_leaf': 1, 'min_samples_split': 1, 'n_estimators': 500, 'subsample': 0.9}",,,,,,,,123
2,0.003000116,2.27E-06,0,0,friedman_mse,0.05,deviance,3,sqrt,1,1,800,0.8,"{'criterion': 'friedman_mse', 'learning_rate': 0.05, 'loss': 'deviance', 'max_depth': 3, 'max_features': 'sqrt', 'min_samples_leaf': 1, 'min_samples_split': 1, 'n_estimators': 800, 'subsample': 0.8}",,,,,,,,124
3,0.00299983,0.000632787,0,0,friedman_mse,0.05,deviance,3,sqrt,1,1,800,0.9,"{'criterion': 'friedman_mse', 'learning_rate': 0.05, 'loss': 'deviance', 'max_depth': 3, 'max_features': 'sqrt', 'min_samples_leaf': 1, 'min_samples_split': 1, 'n_estimators': 800, 'subsample': 0.9}",,,,,,,,125
4,0.002999926,0.000633165,0,0,friedman_mse,0.05,deviance,3,sqrt,1,1,1000,0.8,"{'criterion': 'friedman_mse', 'learning_rate': 0.05, 'loss': 'deviance', 'max_depth': 3, 'max_features': 'sqrt', 'min_samples_leaf': 1, 'min_samples_split': 1, 'n_estimators': 1000, 'subsample': 0.8}",,,,,,,,126
209,0.005637836,0.002041521,0,0,friedman_mse,0.1,deviance,8,log2,1,1,1000,0.9,"{'criterion': 'friedman_mse', 'learning_rate': 0.1, 'loss': 'deviance', 'max_depth': 8, 'max_features': 'log2', 'min_samples_leaf': 1, 'min_samples_split': 1, 'n_estimators': 1000, 'subsample': 0.9}",,,,,,,,127
208,0.001310158,0.002620316,0,0,friedman_mse,0.1,deviance,8,log2,1,1,1000,0.8,"{'criterion': 'friedman_mse', 'learning_rate': 0.1, 'loss': 'deviance', 'max_depth': 8, 'max_features': 'log2', 'min_samples_leaf': 1, 'min_samples_split': 1, 'n_estimators': 1000, 'subsample': 0.8}",,,,,,,,128
207,0.003598976,0.00079998,0,0,friedman_mse,0.1,deviance,8,log2,1,1,800,0.9,"{'criterion': 'friedman_mse', 'learning_rate': 0.1, 'loss': 'deviance', 'max_depth': 8, 'max_features': 'log2', 'min_samples_leaf': 1, 'min_samples_split': 1, 'n_estimators': 800, 'subsample': 0.9}",,,,,,,,129
206,0.004078007,0.004404536,0,0,friedman_mse,0.1,deviance,8,log2,1,1,800,0.8,"{'criterion': 'friedman_mse', 'learning_rate': 0.1, 'loss': 'deviance', 'max_depth': 8, 'max_features': 'log2', 'min_samples_leaf': 1, 'min_samples_split': 1, 'n_estimators': 800, 'subsample': 0.8}",,,,,,,,130
205,0.003012609,0.0024598,0,0,friedman_mse,0.1,deviance,8,log2,1,1,500,0.9,"{'criterion': 'friedman_mse', 'learning_rate': 0.1, 'loss': 'deviance', 'max_depth': 8, 'max_features': 'log2', 'min_samples_leaf': 1, 'min_samples_split': 1, 'n_estimators': 500, 'subsample': 0.9}",,,,,,,,131
204,0.001016808,0.002033615,0,0,friedman_mse,0.1,deviance,8,log2,1,1,500,0.8,"{'criterion': 'friedman_mse', 'learning_rate': 0.1, 'loss': 'deviance', 'max_depth': 8, 'max_features': 'log2', 'min_samples_leaf': 1, 'min_samples_split': 1, 'n_estimators': 500, 'subsample': 0.8}",,,,,,,,132
5,0.002400351,0.000490311,0,0,friedman_mse,0.05,deviance,3,sqrt,1,1,1000,0.9,"{'criterion': 'friedman_mse', 'learning_rate': 0.05, 'loss': 'deviance', 'max_depth': 3, 'max_features': 'sqrt', 'min_samples_leaf': 1, 'min_samples_split': 1, 'n_estimators': 1000, 'subsample': 0.9}",,,,,,,,133
197,0.003331614,0.006663227,0,0,friedman_mse,0.1,deviance,8,sqrt,1,1,1000,0.9,"{'criterion': 'friedman_mse', 'learning_rate': 0.1, 'loss': 'deviance', 'max_depth': 8, 'max_features': 'sqrt', 'min_samples_leaf': 1, 'min_samples_split': 1, 'n_estimators': 1000, 'subsample': 0.9}",,,,,,,,134
17,0.002600384,0.000800109,0,0,friedman_mse,0.05,deviance,3,log2,1,1,1000,0.9,"{'criterion': 'friedman_mse', 'learning_rate': 0.05, 'loss': 'deviance', 'max_depth': 3, 'max_features': 'log2', 'min_samples_leaf': 1, 'min_samples_split': 1, 'n_estimators': 1000, 'subsample': 0.9}",,,,,,,,135
196,0.003106737,0.004324164,0,0,friedman_mse,0.1,deviance,8,sqrt,1,1,1000,0.8,"{'criterion': 'friedman_mse', 'learning_rate': 0.1, 'loss': 'deviance', 'max_depth': 8, 'max_features': 'sqrt', 'min_samples_leaf': 1, 'min_samples_split': 1, 'n_estimators': 1000, 'subsample': 0.8}",,,,,,,,136
194,0.003245735,0.00649147,0,0,friedman_mse,0.1,deviance,8,sqrt,1,1,800,0.8,"{'criterion': 'friedman_mse', 'learning_rate': 0.1, 'loss': 'deviance', 'max_depth': 8, 'max_features': 'sqrt', 'min_samples_leaf': 1, 'min_samples_split': 1, 'n_estimators': 800, 'subsample': 0.8}",,,,,,,,137
193,0,0,0,0,friedman_mse,0.1,deviance,8,sqrt,1,1,500,0.9,"{'criterion': 'friedman_mse', 'learning_rate': 0.1, 'loss': 'deviance', 'max_depth': 8, 'max_features': 'sqrt', 'min_samples_leaf': 1, 'min_samples_split': 1, 'n_estimators': 500, 'subsample': 0.9}",,,,,,,,138
192,0.004462671,0.006498321,0,0,friedman_mse,0.1,deviance,8,sqrt,1,1,500,0.8,"{'criterion': 'friedman_mse', 'learning_rate': 0.1, 'loss': 'deviance', 'max_depth': 8, 'max_features': 'sqrt', 'min_samples_leaf': 1, 'min_samples_split': 1, 'n_estimators': 500, 'subsample': 0.8}",,,,,,,,139
12,0.003599882,0.00205919,0,0,friedman_mse,0.05,deviance,3,log2,1,1,500,0.8,"{'criterion': 'friedman_mse', 'learning_rate': 0.05, 'loss': 'deviance', 'max_depth': 3, 'max_features': 'log2', 'min_samples_leaf': 1, 'min_samples_split': 1, 'n_estimators': 500, 'subsample': 0.8}",,,,,,,,140
13,0.003201389,0.001601529,0,0,friedman_mse,0.05,deviance,3,log2,1,1,500,0.9,"{'criterion': 'friedman_mse', 'learning_rate': 0.05, 'loss': 'deviance', 'max_depth': 3, 'max_features': 'log2', 'min_samples_leaf': 1, 'min_samples_split': 1, 'n_estimators': 500, 'subsample': 0.9}",,,,,,,,141
185,0.006424332,0.005902368,0,0,friedman_mse,0.1,deviance,5,log2,1,1,1000,0.9,"{'criterion': 'friedman_mse', 'learning_rate': 0.1, 'loss': 'deviance', 'max_depth': 5, 'max_features': 'log2', 'min_samples_leaf': 1, 'min_samples_split': 1, 'n_estimators': 1000, 'subsample': 0.9}",,,,,,,,142
184,0.003128147,0.006256294,0,0,friedman_mse,0.1,deviance,5,log2,1,1,1000,0.8,"{'criterion': 'friedman_mse', 'learning_rate': 0.1, 'loss': 'deviance', 'max_depth': 5, 'max_features': 'log2', 'min_samples_leaf': 1, 'min_samples_split': 1, 'n_estimators': 1000, 'subsample': 0.8}",,,,,,,,143
183,0.00298152,0.005963039,0,0,friedman_mse,0.1,deviance,5,log2,1,1,800,0.9,"{'criterion': 'friedman_mse', 'learning_rate': 0.1, 'loss': 'deviance', 'max_depth': 5, 'max_features': 'log2', 'min_samples_leaf': 1, 'min_samples_split': 1, 'n_estimators': 800, 'subsample': 0.9}",,,,,,,,144
181,0.001504946,0.003009892,0,0,friedman_mse,0.1,deviance,5,log2,1,1,500,0.9,"{'criterion': 'friedman_mse', 'learning_rate': 0.1, 'loss': 'deviance', 'max_depth': 5, 'max_features': 'log2', 'min_samples_leaf': 1, 'min_samples_split': 1, 'n_estimators': 500, 'subsample': 0.9}",,,,,,,,145
180,0.003580999,0.007161999,0,0,friedman_mse,0.1,deviance,5,log2,1,1,500,0.8,"{'criterion': 'friedman_mse', 'learning_rate': 0.1, 'loss': 'deviance', 'max_depth': 5, 'max_features': 'log2', 'min_samples_leaf': 1, 'min_samples_split': 1, 'n_estimators': 500, 'subsample': 0.8}",,,,,,,,146
14,0.002399826,0.000490447,0,0,friedman_mse,0.05,deviance,3,log2,1,1,800,0.8,"{'criterion': 'friedman_mse', 'learning_rate': 0.05, 'loss': 'deviance', 'max_depth': 3, 'max_features': 'log2', 'min_samples_leaf': 1, 'min_samples_split': 1, 'n_estimators': 800, 'subsample': 0.8}",,,,,,,,147
15,0.00239768,0.000487246,0,0,friedman_mse,0.05,deviance,3,log2,1,1,800,0.9,"{'criterion': 'friedman_mse', 'learning_rate': 0.05, 'loss': 'deviance', 'max_depth': 3, 'max_features': 'log2', 'min_samples_leaf': 1, 'min_samples_split': 1, 'n_estimators': 800, 'subsample': 0.9}",,,,,,,,148
195,0.003543329,0.005930152,0,0,friedman_mse,0.1,deviance,8,sqrt,1,1,800,0.9,"{'criterion': 'friedman_mse', 'learning_rate': 0.1, 'loss': 'deviance', 'max_depth': 8, 'max_features': 'sqrt', 'min_samples_leaf': 1, 'min_samples_split': 1, 'n_estimators': 800, 'subsample': 0.9}",,,,,,,,149
182,0.003621292,0.006084504,0,0,friedman_mse,0.1,deviance,5,log2,1,1,800,0.8,"{'criterion': 'friedman_mse', 'learning_rate': 0.1, 'loss': 'deviance', 'max_depth': 5, 'max_features': 'log2', 'min_samples_leaf': 1, 'min_samples_split': 1, 'n_estimators': 800, 'subsample': 0.8}",,,,,,,,150
132,0.003598976,0.000798966,0,0,friedman_mse,0.075,deviance,8,log2,1,1,500,0.8,"{'criterion': 'friedman_mse', 'learning_rate': 0.075, 'loss': 'deviance', 'max_depth': 8, 'max_features': 'log2', 'min_samples_leaf': 1, 'min_samples_split': 1, 'n_estimators': 500, 'subsample': 0.8}",,,,,,,,151
148,0.002599812,0.000490447,0,0,friedman_mse,0.1,deviance,3,sqrt,1,1,1000,0.8,"{'criterion': 'friedman_mse', 'learning_rate': 0.1, 'loss': 'deviance', 'max_depth': 3, 'max_features': 'sqrt', 'min_samples_leaf': 1, 'min_samples_split': 1, 'n_estimators': 1000, 'subsample': 0.8}",,,,,,,,152
96,0.003999949,0.001265348,0,0,friedman_mse,0.075,deviance,5,sqrt,1,1,500,0.8,"{'criterion': 'friedman_mse', 'learning_rate': 0.075, 'loss': 'deviance', 'max_depth': 5, 'max_features': 'sqrt', 'min_samples_leaf': 1, 'min_samples_split': 1, 'n_estimators': 500, 'subsample': 0.8}",,,,,,,,153
89,0.004000139,0.000895216,0,0,friedman_mse,0.075,deviance,3,log2,1,1,1000,0.9,"{'criterion': 'friedman_mse', 'learning_rate': 0.075, 'loss': 'deviance', 'max_depth': 3, 'max_features': 'log2', 'min_samples_leaf': 1, 'min_samples_split': 1, 'n_estimators': 1000, 'subsample': 0.9}",,,,,,,,154
88,0.005799961,0.001326504,0,0,friedman_mse,0.075,deviance,3,log2,1,1,1000,0.8,"{'criterion': 'friedman_mse', 'learning_rate': 0.075, 'loss': 'deviance', 'max_depth': 3, 'max_features': 'log2', 'min_samples_leaf': 1, 'min_samples_split': 1, 'n_estimators': 1000, 'subsample': 0.8}",,,,,,,,155
87,0.002801847,0.000400288,0,0,friedman_mse,0.075,deviance,3,log2,1,1,800,0.9,"{'criterion': 'friedman_mse', 'learning_rate': 0.075, 'loss': 'deviance', 'max_depth': 3, 'max_features': 'log2', 'min_samples_leaf': 1, 'min_samples_split': 1, 'n_estimators': 800, 'subsample': 0.9}",,,,,,,,156
86,0.002951813,9.57E-05,0,0,friedman_mse,0.075,deviance,3,log2,1,1,800,0.8,"{'criterion': 'friedman_mse', 'learning_rate': 0.075, 'loss': 'deviance', 'max_depth': 3, 'max_features': 'log2', 'min_samples_leaf': 1, 'min_samples_split': 1, 'n_estimators': 800, 'subsample': 0.8}",,,,,,,,157
85,0.003199196,0.00040038,0,0,friedman_mse,0.075,deviance,3,log2,1,1,500,0.9,"{'criterion': 'friedman_mse', 'learning_rate': 0.075, 'loss': 'deviance', 'max_depth': 3, 'max_features': 'log2', 'min_samples_leaf': 1, 'min_samples_split': 1, 'n_estimators': 500, 'subsample': 0.9}",,,,,,,,158
84,0.003200197,0.000399996,0,0,friedman_mse,0.075,deviance,3,log2,1,1,500,0.8,"{'criterion': 'friedman_mse', 'learning_rate': 0.075, 'loss': 'deviance', 'max_depth': 3, 'max_features': 'log2', 'min_samples_leaf': 1, 'min_samples_split': 1, 'n_estimators': 500, 'subsample': 0.8}",,,,,,,,159
77,0.00259943,0.000800766,0,0,friedman_mse,0.075,deviance,3,sqrt,1,1,1000,0.9,"{'criterion': 'friedman_mse', 'learning_rate': 0.075, 'loss': 'deviance', 'max_depth': 3, 'max_features': 'sqrt', 'min_samples_leaf': 1, 'min_samples_split': 1, 'n_estimators': 1000, 'subsample': 0.9}",,,,,,,,160
76,0.002600193,0.000800074,0,0,friedman_mse,0.075,deviance,3,sqrt,1,1,1000,0.8,"{'criterion': 'friedman_mse', 'learning_rate': 0.075, 'loss': 'deviance', 'max_depth': 3, 'max_features': 'sqrt', 'min_samples_leaf': 1, 'min_samples_split': 1, 'n_estimators': 1000, 'subsample': 0.8}",,,,,,,,161
75,0.002599525,0.000800276,0,0,friedman_mse,0.075,deviance,3,sqrt,1,1,800,0.9,"{'criterion': 'friedman_mse', 'learning_rate': 0.075, 'loss': 'deviance', 'max_depth': 3, 'max_features': 'sqrt', 'min_samples_leaf': 1, 'min_samples_split': 1, 'n_estimators': 800, 'subsample': 0.9}",,,,,,,,162
74,0.002999544,1.08E-06,0,0,friedman_mse,0.075,deviance,3,sqrt,1,1,800,0.8,"{'criterion': 'friedman_mse', 'learning_rate': 0.075, 'loss': 'deviance', 'max_depth': 3, 'max_features': 'sqrt', 'min_samples_leaf': 1, 'min_samples_split': 1, 'n_estimators': 800, 'subsample': 0.8}",,,,,,,,163
73,0.00320034,0.000749655,0,0,friedman_mse,0.075,deviance,3,sqrt,1,1,500,0.9,"{'criterion': 'friedman_mse', 'learning_rate': 0.075, 'loss': 'deviance', 'max_depth': 3, 'max_features': 'sqrt', 'min_samples_leaf': 1, 'min_samples_split': 1, 'n_estimators': 500, 'subsample': 0.9}",,,,,,,,164
72,0.002799463,0.000398494,0,0,friedman_mse,0.075,deviance,3,sqrt,1,1,500,0.8,"{'criterion': 'friedman_mse', 'learning_rate': 0.075, 'loss': 'deviance', 'max_depth': 3, 'max_features': 'sqrt', 'min_samples_leaf': 1, 'min_samples_split': 1, 'n_estimators': 500, 'subsample': 0.8}",,,,,,,,165
36,0.003000593,0.002000642,0,0,friedman_mse,0.05,deviance,5,log2,1,1,500,0.8,"{'criterion': 'friedman_mse', 'learning_rate': 0.05, 'loss': 'deviance', 'max_depth': 5, 'max_features': 'log2', 'min_samples_leaf': 1, 'min_samples_split': 1, 'n_estimators': 500, 'subsample': 0.8}",,,,,,,,166
37,0.003107309,0.001017152,0,0,friedman_mse,0.05,deviance,5,log2,1,1,500,0.9,"{'criterion': 'friedman_mse', 'learning_rate': 0.05, 'loss': 'deviance', 'max_depth': 5, 'max_features': 'log2', 'min_samples_leaf': 1, 'min_samples_split': 1, 'n_estimators': 500, 'subsample': 0.9}",,,,,,,,167
38,0.003000212,0.001097546,0,0,friedman_mse,0.05,deviance,5,log2,1,1,800,0.8,"{'criterion': 'friedman_mse', 'learning_rate': 0.05, 'loss': 'deviance', 'max_depth': 5, 'max_features': 'log2', 'min_samples_leaf': 1, 'min_samples_split': 1, 'n_estimators': 800, 'subsample': 0.8}",,,,,,,,168
39,0.003606081,0.001630714,0,0,friedman_mse,0.05,deviance,5,log2,1,1,800,0.9,"{'criterion': 'friedman_mse', 'learning_rate': 0.05, 'loss': 'deviance', 'max_depth': 5, 'max_features': 'log2', 'min_samples_leaf': 1, 'min_samples_split': 1, 'n_estimators': 800, 'subsample': 0.9}",,,,,,,,169
40,0.00340066,0.000493132,0,0,friedman_mse,0.05,deviance,5,log2,1,1,1000,0.8,"{'criterion': 'friedman_mse', 'learning_rate': 0.05, 'loss': 'deviance', 'max_depth': 5, 'max_features': 'log2', 'min_samples_leaf': 1, 'min_samples_split': 1, 'n_estimators': 1000, 'subsample': 0.8}",,,,,,,,170
65,0.004199171,0.000399041,0,0,friedman_mse,0.05,deviance,8,log2,1,1,1000,0.9,"{'criterion': 'friedman_mse', 'learning_rate': 0.05, 'loss': 'deviance', 'max_depth': 8, 'max_features': 'log2', 'min_samples_leaf': 1, 'min_samples_split': 1, 'n_estimators': 1000, 'subsample': 0.9}",,,,,,,,171
64,0.002600002,0.000490603,0,0,friedman_mse,0.05,deviance,8,log2,1,1,1000,0.8,"{'criterion': 'friedman_mse', 'learning_rate': 0.05, 'loss': 'deviance', 'max_depth': 8, 'max_features': 'log2', 'min_samples_leaf': 1, 'min_samples_split': 1, 'n_estimators': 1000, 'subsample': 0.8}",,,,,,,,172
63,0.003403044,0.000488856,0,0,friedman_mse,0.05,deviance,8,log2,1,1,800,0.9,"{'criterion': 'friedman_mse', 'learning_rate': 0.05, 'loss': 'deviance', 'max_depth': 8, 'max_features': 'log2', 'min_samples_leaf': 1, 'min_samples_split': 1, 'n_estimators': 800, 'subsample': 0.9}",,,,,,,,173
62,0.002999401,1.27E-06,0,0,friedman_mse,0.05,deviance,8,log2,1,1,800,0.8,"{'criterion': 'friedman_mse', 'learning_rate': 0.05, 'loss': 'deviance', 'max_depth': 8, 'max_features': 'log2', 'min_samples_leaf': 1, 'min_samples_split': 1, 'n_estimators': 800, 'subsample': 0.8}",,,,,,,,174
61,0.002801037,0.000400473,0,0,friedman_mse,0.05,deviance,8,log2,1,1,500,0.9,"{'criterion': 'friedman_mse', 'learning_rate': 0.05, 'loss': 'deviance', 'max_depth': 8, 'max_features': 'log2', 'min_samples_leaf': 1, 'min_samples_split': 1, 'n_estimators': 500, 'subsample': 0.9}",,,,,,,,175
60,0.003200293,0.000400543,0,0,friedman_mse,0.05,deviance,8,log2,1,1,500,0.8,"{'criterion': 'friedman_mse', 'learning_rate': 0.05, 'loss': 'deviance', 'max_depth': 8, 'max_features': 'log2', 'min_samples_leaf': 1, 'min_samples_split': 1, 'n_estimators': 500, 'subsample': 0.8}",,,,,,,,176
41,0.003600359,0.001626251,0,0,friedman_mse,0.05,deviance,5,log2,1,1,1000,0.9,"{'criterion': 'friedman_mse', 'learning_rate': 0.05, 'loss': 'deviance', 'max_depth': 5, 'max_features': 'log2', 'min_samples_leaf': 1, 'min_samples_split': 1, 'n_estimators': 1000, 'subsample': 0.9}",,,,,,,,177
53,0.003199863,0.001469932,0,0,friedman_mse,0.05,deviance,8,sqrt,1,1,1000,0.9,"{'criterion': 'friedman_mse', 'learning_rate': 0.05, 'loss': 'deviance', 'max_depth': 8, 'max_features': 'sqrt', 'min_samples_leaf': 1, 'min_samples_split': 1, 'n_estimators': 1000, 'subsample': 0.9}",,,,,,,,178
52,0.003003263,0.000632733,0,0,friedman_mse,0.05,deviance,8,sqrt,1,1,1000,0.8,"{'criterion': 'friedman_mse', 'learning_rate': 0.05, 'loss': 'deviance', 'max_depth': 8, 'max_features': 'sqrt', 'min_samples_leaf': 1, 'min_samples_split': 1, 'n_estimators': 1000, 'subsample': 0.8}",,,,,,,,179
51,0.003800201,0.002135507,0,0,friedman_mse,0.05,deviance,8,sqrt,1,1,800,0.9,"{'criterion': 'friedman_mse', 'learning_rate': 0.05, 'loss': 'deviance', 'max_depth': 8, 'max_features': 'sqrt', 'min_samples_leaf': 1, 'min_samples_split': 1, 'n_estimators': 800, 'subsample': 0.9}",,,,,,,,180
50,0.003400755,0.000800753,0,0,friedman_mse,0.05,deviance,8,sqrt,1,1,800,0.8,"{'criterion': 'friedman_mse', 'learning_rate': 0.05, 'loss': 'deviance', 'max_depth': 8, 'max_features': 'sqrt', 'min_samples_leaf': 1, 'min_samples_split': 1, 'n_estimators': 800, 'subsample': 0.8}",,,,,,,,181
97,0.006199121,0.005912946,0,0,friedman_mse,0.075,deviance,5,sqrt,1,1,500,0.9,"{'criterion': 'friedman_mse', 'learning_rate': 0.075, 'loss': 'deviance', 'max_depth': 5, 'max_features': 'sqrt', 'min_samples_leaf': 1, 'min_samples_split': 1, 'n_estimators': 500, 'subsample': 0.9}",,,,,,,,182
149,0.002999926,8.20E-07,0,0,friedman_mse,0.1,deviance,3,sqrt,1,1,1000,0.9,"{'criterion': 'friedman_mse', 'learning_rate': 0.1, 'loss': 'deviance', 'max_depth': 3, 'max_features': 'sqrt', 'min_samples_leaf': 1, 'min_samples_split': 1, 'n_estimators': 1000, 'subsample': 0.9}",,,,,,,,183
98,0.002799416,0.000400257,0,0,friedman_mse,0.075,deviance,5,sqrt,1,1,800,0.8,"{'criterion': 'friedman_mse', 'learning_rate': 0.075, 'loss': 'deviance', 'max_depth': 5, 'max_features': 'sqrt', 'min_samples_leaf': 1, 'min_samples_split': 1, 'n_estimators': 800, 'subsample': 0.8}",,,,,,,,184
100,0.003799772,0.002639151,0,0,friedman_mse,0.075,deviance,5,sqrt,1,1,1000,0.8,"{'criterion': 'friedman_mse', 'learning_rate': 0.075, 'loss': 'deviance', 'max_depth': 5, 'max_features': 'sqrt', 'min_samples_leaf': 1, 'min_samples_split': 1, 'n_estimators': 1000, 'subsample': 0.8}",,,,,,,,185
147,0.002201223,0.000399638,0,0,friedman_mse,0.1,deviance,3,sqrt,1,1,800,0.9,"{'criterion': 'friedman_mse', 'learning_rate': 0.1, 'loss': 'deviance', 'max_depth': 3, 'max_features': 'sqrt', 'min_samples_leaf': 1, 'min_samples_split': 1, 'n_estimators': 800, 'subsample': 0.9}",,,,,,,,186
146,0.002799988,0.000400188,0,0,friedman_mse,0.1,deviance,3,sqrt,1,1,800,0.8,"{'criterion': 'friedman_mse', 'learning_rate': 0.1, 'loss': 'deviance', 'max_depth': 3, 'max_features': 'sqrt', 'min_samples_leaf': 1, 'min_samples_split': 1, 'n_estimators': 800, 'subsample': 0.8}",,,,,,,,187
145,0.00320015,0.000399185,0,0,friedman_mse,0.1,deviance,3,sqrt,1,1,500,0.9,"{'criterion': 'friedman_mse', 'learning_rate': 0.1, 'loss': 'deviance', 'max_depth': 3, 'max_features': 'sqrt', 'min_samples_leaf': 1, 'min_samples_split': 1, 'n_estimators': 500, 'subsample': 0.9}",,,,,,,,188
144,0.00340085,0.000490331,0,0,friedman_mse,0.1,deviance,3,sqrt,1,1,500,0.8,"{'criterion': 'friedman_mse', 'learning_rate': 0.1, 'loss': 'deviance', 'max_depth': 3, 'max_features': 'sqrt', 'min_samples_leaf': 1, 'min_samples_split': 1, 'n_estimators': 500, 'subsample': 0.8}",,,,,,,,189
137,0.003800297,0.000399662,0,0,friedman_mse,0.075,deviance,8,log2,1,1,1000,0.9,"{'criterion': 'friedman_mse', 'learning_rate': 0.075, 'loss': 'deviance', 'max_depth': 8, 'max_features': 'log2', 'min_samples_leaf': 1, 'min_samples_split': 1, 'n_estimators': 1000, 'subsample': 0.9}",,,,,,,,190
136,0.003311253,0.000611397,0,0,friedman_mse,0.075,deviance,8,log2,1,1,1000,0.8,"{'criterion': 'friedman_mse', 'learning_rate': 0.075, 'loss': 'deviance', 'max_depth': 8, 'max_features': 'log2', 'min_samples_leaf': 1, 'min_samples_split': 1, 'n_estimators': 1000, 'subsample': 0.8}",,,,,,,,191
135,0.004395103,0.002333293,0,0,friedman_mse,0.075,deviance,8,log2,1,1,800,0.9,"{'criterion': 'friedman_mse', 'learning_rate': 0.075, 'loss': 'deviance', 'max_depth': 8, 'max_features': 'log2', 'min_samples_leaf': 1, 'min_samples_split': 1, 'n_estimators': 800, 'subsample': 0.9}",,,,,,,,192
134,0.006200218,0.003970851,0,0,friedman_mse,0.075,deviance,8,log2,1,1,800,0.8,"{'criterion': 'friedman_mse', 'learning_rate': 0.075, 'loss': 'deviance', 'max_depth': 8, 'max_features': 'log2', 'min_samples_leaf': 1, 'min_samples_split': 1, 'n_estimators': 800, 'subsample': 0.8}",,,,,,,,193
133,0.004600811,0.001743451,0,0,friedman_mse,0.075,deviance,8,log2,1,1,500,0.9,"{'criterion': 'friedman_mse', 'learning_rate': 0.075, 'loss': 'deviance', 'max_depth': 8, 'max_features': 'log2', 'min_samples_leaf': 1, 'min_samples_split': 1, 'n_estimators': 500, 'subsample': 0.9}",,,,,,,,194
48,0.003802633,0.001166371,0,0,friedman_mse,0.05,deviance,8,sqrt,1,1,500,0.8,"{'criterion': 'friedman_mse', 'learning_rate': 0.05, 'loss': 'deviance', 'max_depth': 8, 'max_features': 'sqrt', 'min_samples_leaf': 1, 'min_samples_split': 1, 'n_estimators': 500, 'subsample': 0.8}",,,,,,,,195
24,0.003000927,0.000631514,0,0,friedman_mse,0.05,deviance,5,sqrt,1,1,500,0.8,"{'criterion': 'friedman_mse', 'learning_rate': 0.05, 'loss': 'deviance', 'max_depth': 5, 'max_features': 'sqrt', 'min_samples_leaf': 1, 'min_samples_split': 1, 'n_estimators': 500, 'subsample': 0.8}",,,,,,,,196
25,0.002801752,0.001169958,0,0,friedman_mse,0.05,deviance,5,sqrt,1,1,500,0.9,"{'criterion': 'friedman_mse', 'learning_rate': 0.05, 'loss': 'deviance', 'max_depth': 5, 'max_features': 'sqrt', 'min_samples_leaf': 1, 'min_samples_split': 1, 'n_estimators': 500, 'subsample': 0.9}",,,,,,,,197
26,0.002198267,0.00039742,0,0,friedman_mse,0.05,deviance,5,sqrt,1,1,800,0.8,"{'criterion': 'friedman_mse', 'learning_rate': 0.05, 'loss': 'deviance', 'max_depth': 5, 'max_features': 'sqrt', 'min_samples_leaf': 1, 'min_samples_split': 1, 'n_estimators': 800, 'subsample': 0.8}",,,,,,,,198
27,0.002799606,0.000749246,0,0,friedman_mse,0.05,deviance,5,sqrt,1,1,800,0.9,"{'criterion': 'friedman_mse', 'learning_rate': 0.05, 'loss': 'deviance', 'max_depth': 5, 'max_features': 'sqrt', 'min_samples_leaf': 1, 'min_samples_split': 1, 'n_estimators': 800, 'subsample': 0.9}",,,,,,,,199
28,0.002400064,0.000490155,0,0,friedman_mse,0.05,deviance,5,sqrt,1,1,1000,0.8,"{'criterion': 'friedman_mse', 'learning_rate': 0.05, 'loss': 'deviance', 'max_depth': 5, 'max_features': 'sqrt', 'min_samples_leaf': 1, 'min_samples_split': 1, 'n_estimators': 1000, 'subsample': 0.8}",,,,,,,,200
29,0.002408075,0.000796208,0,0,friedman_mse,0.05,deviance,5,sqrt,1,1,1000,0.9,"{'criterion': 'friedman_mse', 'learning_rate': 0.05, 'loss': 'deviance', 'max_depth': 5, 'max_features': 'sqrt', 'min_samples_leaf': 1, 'min_samples_split': 1, 'n_estimators': 1000, 'subsample': 0.9}",,,,,,,,201
125,0.005600023,0.006216629,0,0,friedman_mse,0.075,deviance,8,sqrt,1,1,1000,0.9,"{'criterion': 'friedman_mse', 'learning_rate': 0.075, 'loss': 'deviance', 'max_depth': 8, 'max_features': 'sqrt', 'min_samples_leaf': 1, 'min_samples_split': 1, 'n_estimators': 1000, 'subsample': 0.9}",,,,,,,,202
124,0.00399909,0.001095845,0,0,friedman_mse,0.075,deviance,8,sqrt,1,1,1000,0.8,"{'criterion': 'friedman_mse', 'learning_rate': 0.075, 'loss': 'deviance', 'max_depth': 8, 'max_features': 'sqrt', 'min_samples_leaf': 1, 'min_samples_split': 1, 'n_estimators': 1000, 'subsample': 0.8}",,,,,,,,203
123,0.002799606,0.000400591,0,0,friedman_mse,0.075,deviance,8,sqrt,1,1,800,0.9,"{'criterion': 'friedman_mse', 'learning_rate': 0.075, 'loss': 'deviance', 'max_depth': 8, 'max_features': 'sqrt', 'min_samples_leaf': 1, 'min_samples_split': 1, 'n_estimators': 800, 'subsample': 0.9}",,,,,,,,204
122,0.003196907,0.000746572,0,0,friedman_mse,0.075,deviance,8,sqrt,1,1,800,0.8,"{'criterion': 'friedman_mse', 'learning_rate': 0.075, 'loss': 'deviance', 'max_depth': 8, 'max_features': 'sqrt', 'min_samples_leaf': 1, 'min_samples_split': 1, 'n_estimators': 800, 'subsample': 0.8}",,,,,,,,205
121,0.002203417,0.000404025,0,0,friedman_mse,0.075,deviance,8,sqrt,1,1,500,0.9,"{'criterion': 'friedman_mse', 'learning_rate': 0.075, 'loss': 'deviance', 'max_depth': 8, 'max_features': 'sqrt', 'min_samples_leaf': 1, 'min_samples_split': 1, 'n_estimators': 500, 'subsample': 0.9}",,,,,,,,206
120,0.003199291,0.00040164,0,0,friedman_mse,0.075,deviance,8,sqrt,1,1,500,0.8,"{'criterion': 'friedman_mse', 'learning_rate': 0.075, 'loss': 'deviance', 'max_depth': 8, 'max_features': 'sqrt', 'min_samples_leaf': 1, 'min_samples_split': 1, 'n_estimators': 500, 'subsample': 0.8}",,,,,,,,207
113,0.003000498,0.000632335,0,0,friedman_mse,0.075,deviance,5,log2,1,1,1000,0.9,"{'criterion': 'friedman_mse', 'learning_rate': 0.075, 'loss': 'deviance', 'max_depth': 5, 'max_features': 'log2', 'min_samples_leaf': 1, 'min_samples_split': 1, 'n_estimators': 1000, 'subsample': 0.9}",,,,,,,,208
112,0.002399349,0.000490253,0,0,friedman_mse,0.075,deviance,5,log2,1,1,1000,0.8,"{'criterion': 'friedman_mse', 'learning_rate': 0.075, 'loss': 'deviance', 'max_depth': 5, 'max_features': 'log2', 'min_samples_leaf': 1, 'min_samples_split': 1, 'n_estimators': 1000, 'subsample': 0.8}",,,,,,,,209
111,0.003302479,0.000596669,0,0,friedman_mse,0.075,deviance,5,log2,1,1,800,0.9,"{'criterion': 'friedman_mse', 'learning_rate': 0.075, 'loss': 'deviance', 'max_depth': 5, 'max_features': 'log2', 'min_samples_leaf': 1, 'min_samples_split': 1, 'n_estimators': 800, 'subsample': 0.9}",,,,,,,,210
110,0.004000044,0.001265573,0,0,friedman_mse,0.075,deviance,5,log2,1,1,800,0.8,"{'criterion': 'friedman_mse', 'learning_rate': 0.075, 'loss': 'deviance', 'max_depth': 5, 'max_features': 'log2', 'min_samples_leaf': 1, 'min_samples_split': 1, 'n_estimators': 800, 'subsample': 0.8}",,,,,,,,211
109,0.004103136,0.001685722,0,0,friedman_mse,0.075,deviance,5,log2,1,1,500,0.9,"{'criterion': 'friedman_mse', 'learning_rate': 0.075, 'loss': 'deviance', 'max_depth': 5, 'max_features': 'log2', 'min_samples_leaf': 1, 'min_samples_split': 1, 'n_estimators': 500, 'subsample': 0.9}",,,,,,,,212
108,0.003800058,0.001166777,0,0,friedman_mse,0.075,deviance,5,log2,1,1,500,0.8,"{'criterion': 'friedman_mse', 'learning_rate': 0.075, 'loss': 'deviance', 'max_depth': 5, 'max_features': 'log2', 'min_samples_leaf': 1, 'min_samples_split': 1, 'n_estimators': 500, 'subsample': 0.8}",,,,,,,,213
101,0.003000736,0.000632034,0,0,friedman_mse,0.075,deviance,5,sqrt,1,1,1000,0.9,"{'criterion': 'friedman_mse', 'learning_rate': 0.075, 'loss': 'deviance', 'max_depth': 5, 'max_features': 'sqrt', 'min_samples_leaf': 1, 'min_samples_split': 1, 'n_estimators': 1000, 'subsample': 0.9}",,,,,,,,214
99,0.003801012,0.002229694,0,0,friedman_mse,0.075,deviance,5,sqrt,1,1,800,0.9,"{'criterion': 'friedman_mse', 'learning_rate': 0.075, 'loss': 'deviance', 'max_depth': 5, 'max_features': 'sqrt', 'min_samples_leaf': 1, 'min_samples_split': 1, 'n_estimators': 800, 'subsample': 0.9}",,,,,,,,215
0,0.0041996,0.000979453,0,0,friedman_mse,0.05,deviance,3,sqrt,1,1,500,0.8,"{'criterion': 'friedman_mse', 'learning_rate': 0.05, 'loss': 'deviance', 'max_depth': 3, 'max_features': 'sqrt', 'min_samples_leaf': 1, 'min_samples_split': 1, 'n_estimators': 500, 'subsample': 0.8}",,,,,,,,216
